id,name,category,what,primaryAuth,authMethods,access,accessDetail,apiStyle,breadth,mcp,mcpScope,verdict,priority,blocker,confidence,evidence,verifiedAt
1,Salesforce,CRM and Sales,"Enterprise CRM for accounts, leads, opportunities, cases, activities, and custom objects.",Mixed,OAuth2; JWT bearer; client credentials,Admin/paid,"Developer orgs are self-serve, but useful production credentials and scopes require a Salesforce tenant and administrator.",REST; SOAP; GraphQL; Bulk; Streaming,Broad,Official,Action,Ready with constraints,Pilot with guardrails,"Tenant administration, object permissions, security review, and high-risk write actions.",High,https://developer.salesforce.com/docs/platform/mobile-sdk/guide/oauth-intro.html; https://developer.salesforce.com/docs/platform/mcp/overview,2026-08-18
2,HubSpot,CRM and Sales,"CRM and marketing platform for contacts, companies, deals, tickets, activities, and content.",Mixed,OAuth2; private app token,Self-serve,"Free developer accounts, test accounts, private apps, and OAuth apps are available without sales contact.",REST; Webhooks,Broad,Official,Action,Ready,Easy win,"Sensitive-data restrictions, user permissions, rate limits, and confirmation for writes.",High,https://developers.hubspot.com/docs/guides/apps/authentication/intro-to-auth; https://developers.hubspot.com/changelog/remote-hubspot-mcp-server-is-now-generally-available,2026-08-18
3,Pipedrive,CRM and Sales,"Sales CRM for deals, leads, people, organizations, activities, products, projects, and webhooks.",Mixed,OAuth2; API token,Self-serve,A developer sandbox can be requested and API tokens are available in customer accounts.,REST; Webhooks; OpenAPI,Broad,None,None,Ready,Easy win,"No vendor-native MCP verified, but the broad OpenAPI surface is straightforward to wrap.",High,https://developers.pipedrive.com/; https://developers.pipedrive.com/docs/api/v1,2026-08-18
4,Attio,CRM and Sales,"Flexible CRM for people, companies, deals, lists, notes, tasks, meetings, and custom objects.",Mixed,OAuth2; API key,Self-serve,Developers can create workspaces and API integrations directly.,REST; Webhooks,Broad,Official,Action,Ready,Easy win,"Write confirmations, workspace permissions, and bulk-operation guardrails.",High,https://docs.attio.com/rest-api/overview; https://docs.attio.com/mcp/overview,2026-08-18
5,Twenty,CRM and Sales,"Open-source CRM for people, companies, opportunities, activities, workflows, and custom objects.",Mixed,OAuth2; API key,Open-source/local,"Self-hosting and cloud workspaces are available, with credentials controlled by the workspace owner.",REST; GraphQL; Webhooks,Broad,Official,Action,Ready,Easy win,"Self-hosted version drift, permissions, and destructive write operations.",High,https://docs.twenty.com/developers; https://docs.twenty.com/user-guide/ai/capabilities/mcp,2026-08-18
6,Podio,CRM and Sales,"Customizable work platform for apps, items, tasks, contacts, conversations, files, and workflows.",OAuth2,OAuth2,Admin/paid,"API clients are self-created, but meaningful testing needs a Podio workspace and administrator-approved app access.",REST; Webhooks,Broad,None,None,Ready with constraints,Pilot with guardrails,"Legacy platform patterns, workspace permissions, and no vendor-native MCP verified.",High,https://developers.podio.com/authentication; https://developers.podio.com/doc,2026-08-18
7,Zoho CRM,CRM and Sales,"CRM for leads, contacts, accounts, deals, activities, automation, analytics, and custom modules.",OAuth2,OAuth2,Self-serve,Zoho API Console and trial CRM accounts provide a self-serve credential path.,REST; Bulk; Notifications,Broad,Official,Action,Ready,Easy win,"Multi-region domains, scopes, edition limits, and confirmation for record mutations.",High,https://www.zoho.com/crm/developer/docs/api/v7/oauth-overview.html; https://www.zoho.com/crm/developer/docs/mcp/overview.html,2026-08-18
8,Close,CRM and Sales,"Sales CRM for leads, contacts, opportunities, email, calls, SMS, tasks, and reporting.",API key,Basic with API key,Admin/paid,"API keys are generated in a Close account, and a free trial can be used for evaluation.",REST; Webhooks,Broad,Official,Action,Ready,Pilot with guardrails,"Customer communications, calling costs, permissions, and write confirmation.",High,https://developer.close.com/topics/authentication/; https://developer.close.com/mcp,2026-08-18
9,Copper,CRM and Sales,"Google Workspace-oriented CRM for people, companies, opportunities, activities, projects, and tasks.",API key,API key plus user email,Admin/paid,Credentials require a Copper account and administrator access.,REST; Webhooks,Broad,None,None,Ready with constraints,Pilot with guardrails,"Paid tenant, admin credentials, rate limits, and no vendor-native MCP verified.",High,https://developer.copper.com/authentication; https://developer.copper.com/,2026-08-18
10,DealCloud,CRM and Sales,Deal and relationship-management platform for investment and professional-services firms.,Mixed,OAuth2; issued credentials,Partner/sales,API access is tied to a contracted DealCloud tenant and provisioned by administrators or support.,REST,Broad,None,None,Blocked,Outreach first,"Enterprise contract, tenant configuration, and no public self-serve sandbox.",High,https://api.docs.dealcloud.com/; https://api.docs.dealcloud.com/docs/authentication,2026-08-18
11,Zendesk,Support and Helpdesk,"Customer-service platform for tickets, users, organizations, help center, messaging, voice, and routing.",Mixed,OAuth2; API token; Basic,Admin/paid,"Trials exist, but OAuth clients and production tokens require a Zendesk tenant and admin rights.",REST; Webhooks; Events,Broad,None,None,Ready with constraints,Pilot with guardrails,"Tenant administration, complex product surfaces, customer-data sensitivity, and no native MCP verified.",High,https://developer.zendesk.com/documentation/; https://developer.zendesk.com/documentation/api-basics/authentication/,2026-08-18
12,Intercom,Support and Helpdesk,"Customer support and engagement platform for contacts, conversations, tickets, articles, teams, and messages.",Mixed,OAuth2; access token,Self-serve,Developer workspaces and apps are self-serve; customer installs use OAuth.,REST; Webhooks,Broad,Official,Action,Ready,Easy win,"Workspace permissions, customer-message safety, app review for distribution, and rate limits.",High,https://developers.intercom.com/docs/build-an-integration/learn-more/authentication; https://developers.intercom.com/docs/guides/mcp,2026-08-18
13,Freshdesk,Support and Helpdesk,"Helpdesk for tickets, contacts, agents, companies, groups, solutions, conversations, and time entries.",Mixed,API key; OAuth2,Self-serve,Free trials and API keys provide a direct testing path.,REST; Webhooks,Broad,None,None,Ready,Easy win,No vendor-native MCP verified; normalize product editions and enforce ticket-write guardrails.,High,https://developers.freshdesk.com/api/; https://developers.freshworks.com/docs/app-sdk/v3.0/support_ticket/serverless-apps/oauth/,2026-08-18
14,Front,Support and Helpdesk,"Shared-inbox and customer-operations platform for conversations, messages, contacts, inboxes, tags, and rules.",Mixed,OAuth2; API token,Admin/paid,A Front tenant is needed; OAuth app setup requires administrator configuration.,REST; Webhooks,Broad,Official,Action,Ready with constraints,Pilot with guardrails,"OAuth client compatibility, teammate permissions, messaging risk, and beta maturity.",High,https://dev.frontapp.com/docs/authentication; https://dev.frontapp.com/docs/mcp-server,2026-08-18
15,Pylon,Support and Helpdesk,"B2B support platform for tickets, customer accounts, Slack and Teams channels, knowledge, and workflows.",Mixed,OAuth2; API key,Admin/paid,API and MCP access require an active Pylon workspace and administrator setup.,REST; Webhooks,Moderate,Official,Action,Ready with constraints,Pilot with guardrails,"Paid workspace, admin setup, evolving docs, and customer-support data.",High,https://docs.usepylon.com/pylon-docs/api-reference/authentication; https://docs.usepylon.com/pylon-docs/integrations/pylon-mcp,2026-08-18
16,LiveAgent,Support and Helpdesk,"Helpdesk platform for tickets, chats, calls, contacts, departments, knowledge base, and reports.",API key,API key,Self-serve,A trial account exposes API credentials.,REST; Webhooks,Broad,Official,Action,Ready,Easy win,"Versioned endpoints, ticket-write confirmation, and role-based permissions.",High,https://support.liveagent.com/840138-Complete-API-reference; https://support.liveagent.com/647358-MCP-Integration-for-Agents,2026-08-18
17,Plain,Support and Helpdesk,"API-first customer support platform for customers, threads, messages, labels, SLAs, and support workflows.",Mixed,API key; OAuth2,Self-serve,Developer workspaces and API keys are directly available.,GraphQL; Webhooks,Broad,Official,Action,Ready,Easy win,"GraphQL schema complexity, customer-message safety, and tenant permissions.",High,https://www.plain.com/docs/api-reference/graphql/authentication; https://www.plain.com/docs/mcp,2026-08-18
18,Help Scout,Support and Helpdesk,"Helpdesk for mailboxes, conversations, customers, users, workflows, reports, and knowledge base.",OAuth2,OAuth2,Admin/paid,"OAuth apps are creatable, but testing needs an active Help Scout account or trial and admin consent.",REST; Webhooks,Broad,None,None,Ready with constraints,Pilot with guardrails,"Paid tenant, mailbox permissions, communication risk, and no native MCP verified.",High,https://developer.helpscout.com/mailbox-api/overview/authentication/; https://developer.helpscout.com/mailbox-api/,2026-08-18
19,Gorgias,Support and Helpdesk,"Ecommerce helpdesk for tickets, customers, macros, rules, help center, analytics, and commerce context.",Mixed,OAuth2; API key,Admin/paid,API access requires a Gorgias helpdesk account; the MCP is available on helpdesk plans.,REST; Webhooks,Broad,Official,Action,Ready with constraints,Pilot with guardrails,"Beta maturity, role permissions, customer replies, and settings changes.",High,https://developers.gorgias.com/reference/authentication; https://docs.gorgias.com/en-US/connect-your-ai-assistant-to-the-gorgias-mcp-6310546,2026-08-18
20,Gladly,Support and Helpdesk,"Enterprise customer-service platform for people, conversations, tasks, channels, knowledge, and routing.",Mixed,OAuth2; issued credentials,Partner/sales,Developer access is associated with an enterprise customer or partner engagement.,REST; Webhooks,Broad,None,None,Blocked,Outreach first,"Enterprise contract, provisioned tenant, limited public sandbox access, and no native MCP verified.",High,https://developer.gladly.com/; https://developer.gladly.com/rest-api/authentication/,2026-08-18
21,Slack,Communications and Messaging,"Team messaging platform for channels, messages, users, files, canvases, workflows, and search.",OAuth2,OAuth2; bot token; app-level token,Self-serve,"Apps, development workspaces, tokens, and Socket Mode are self-serve.",REST; Web API; Events; Socket Mode,Broad,Official,Action,Ready,Easy win,"Workspace admin policy, granular scopes, message-posting risk, and enterprise controls.",High,https://api.slack.com/authentication/oauth-v2; https://api.slack.com/mcp,2026-08-18
22,Twilio,Communications and Messaging,"Communications APIs for messaging, voice, verification, phone numbers, video, and email products.",Mixed,Basic; API key; OAuth2,Self-serve,Trial accounts and API credentials are self-serve.,REST; Webhooks; WebSocket,Broad,Official,Developer,Ready,Easy win,The official MCP is mainly API-spec and developer tooling; account actions still need explicit API tools and spend controls.,High,https://www.twilio.com/docs/iam/api-keys; https://www.twilio.com/docs/usage/mcp-server,2026-08-18
23,Zoho Cliq,Communications and Messaging,"Team chat platform for channels, messages, users, bots, commands, widgets, and workflows.",OAuth2,OAuth2,Self-serve,Zoho API Console and Cliq workspaces provide a direct path.,REST; Webhooks,Broad,Official,Action,Ready,Easy win,"Regional endpoints, workspace permissions, and message-posting confirmation.",High,https://www.zoho.com/cliq/help/platform/oauth.html; https://www.zoho.com/cliq/help/platform/zoho-cliq-mcp.html,2026-08-18
24,Lark (Larksuite),Communications and Messaging,"Collaboration suite for messaging, calendar, docs, sheets, approvals, contacts, and workplace apps.",OAuth2,OAuth2; tenant token; app token,Review/approval,"Apps are self-created, but production distribution and sensitive permissions require tenant admin or marketplace review.",REST; Events; Webhooks,Broad,Official,Action,Ready with constraints,Pilot with guardrails,"Tenant approval, scope review, regional endpoints, and broad cross-product permissions.",High,https://open.larksuite.com/document/server-docs/authentication-management/access-token/tenant_access_token_internal; https://open.feishu.cn/document/mcp_open_tools/developers-call-remote-mcp-server,2026-08-18
25,Pumble,Communications and Messaging,"Team communication platform for workspaces, channels, messages, users, files, and webhooks.",Mixed,OAuth2; bot token,Self-serve,Workspaces and developer integrations can be created directly.,REST; Webhooks,Moderate,Official,Action,Ready,Easy win,"Smaller API surface, workspace permissions, and message-write confirmation.",High,https://pumble.com/help/integrations/pumble-api/; https://pumble.com/help/integrations/automation-workflow-integrations/how-to-use-the-pumble-mcp-server/,2026-08-18
26,Discord,Communications and Messaging,"Community messaging platform for guilds, channels, messages, members, roles, threads, and interactions.",Mixed,OAuth2; bot token,Self-serve,"Developer applications, test servers, bots, and OAuth credentials are self-serve.",REST; Gateway; Webhooks,Broad,Official,Docs-only,Ready,Easy win,"Official MCP is developer documentation context, not a general Discord-account action server; bots still need explicit tools.",High,https://discord.com/developers/docs/topics/oauth2; https://discord.com/developers/docs/developer-tools/mcp,2026-08-18
27,Telegram,Communications and Messaging,"Messaging platform with Bot API and client APIs for chats, messages, media, updates, and payments.",Token,Bot token; MTProto app credentials,Self-serve,BotFather issues bot tokens instantly; full client APIs require an app ID and phone-based account.,REST; Long polling; Webhooks; MTProto,Broad,None,None,Ready,Easy win,"No vendor-native MCP verified, bot limitations, abuse controls, and distinction between Bot API and user accounts.",High,https://core.telegram.org/bots/api; https://core.telegram.org/api/obtaining_api_id,2026-08-18
28,WhatsApp Business,Communications and Messaging,"Business messaging platform for templates, conversations, media, phone numbers, and webhooks.",OAuth2,User token; system-user token; temporary test token,Review/approval,"Test numbers are self-serve, while production needs a Meta business, WABA, phone registration, and often verification or review.",Graph API; Webhooks,Broad,Official,Docs-only,Ready with constraints,Pilot with guardrails,"Business verification, template review, messaging policy, phone setup, and customer-consent controls.",High,https://developers.facebook.com/docs/whatsapp/cloud-api/get-started; https://developers.facebook.com/docs/development/mcp,2026-08-18
29,Aircall,Communications and Messaging,"Cloud phone and contact-center platform for calls, users, numbers, contacts, tags, and webhooks.",Mixed,OAuth2; Basic with API ID and token,Partner/sales,Internal credentials require a customer tenant; public OAuth apps use the Technology Partner path.,REST; Webhooks,Broad,None,None,Ready with constraints,Pilot with guardrails,"Technology Partner path, tenant access, and no existing Aircall-account MCP; AI Virtual Agent MCP guidance is marked coming soon.",High,https://developer.aircall.io/docs/authentication; https://developer.aircall.io/docs/introduction,2026-08-18
30,Vonage,Communications and Messaging,"Communications APIs for SMS, voice, video, verification, messaging, and contact-center workflows.",Mixed,API key and secret; JWT,Self-serve,"Developer accounts, trial credit, and applications are self-serve.",REST; Webhooks; WebSocket,Broad,Official,Local action,Ready,Easy win,"Phone-number cost, messaging registration, jurisdictional compliance, and local-tool deployment.",High,https://developer.vonage.com/en/getting-started/concepts/authentication; https://developer.vonage.com/en/tools/mcp,2026-08-18
31,Google Ads,"Marketing, Ads, Email and Social","Advertising API for campaigns, accounts, reporting, audiences, budgets, assets, and conversions.",Mixed,OAuth2; developer token,Review/approval,"OAuth is self-serve, but production developer-token access levels are reviewed.",REST; gRPC,Broad,Official,Read-only,Ready with constraints,Pilot with guardrails,"Developer-token approval, manager-account setup, policy compliance, and read-only MCP scope.",High,https://developers.google.com/google-ads/api/docs/oauth/overview; https://developers.google.com/google-ads/api/docs/model-context-protocol,2026-08-18
32,Meta Ads,"Marketing, Ads, Email and Social","Advertising APIs for campaigns, ad sets, creatives, audiences, pixels, insights, and business assets.",OAuth2,User token; system-user token,Review/approval,"Test assets are available, but production permissions often require app review and business verification.",Graph API; Webhooks,Broad,Official,Docs-only,Ready with constraints,Pilot with guardrails,"App review, business verification, asset permissions, and policy-sensitive writes.",High,https://developers.facebook.com/docs/marketing-apis; https://developers.facebook.com/docs/development/mcp,2026-08-18
33,LinkedIn Ads,"Marketing, Ads, Email and Social","Marketing APIs for ad accounts, campaigns, creatives, audiences, lead forms, and reporting.",OAuth2,OAuth2,Review/approval,"A developer app is self-serve, but Marketing API products and expanded access require application and approval.",REST,Broad,None,None,Ready with constraints,Pilot with guardrails,"Product-access approval is the main blocker, followed by strict scopes and versioning.",High,https://learn.microsoft.com/en-us/linkedin/marketing/integrations/marketing-integrations-overview; https://learn.microsoft.com/en-us/linkedin/marketing/increasing-access,2026-08-18
34,GoHighLevel,"Marketing, Ads, Email and Social","Sales and marketing platform for contacts, conversations, calendars, opportunities, workflows, and agencies.",Mixed,OAuth2; private integration token,Admin/paid,Private integrations are created inside an account; marketplace apps use OAuth and review.,REST; Webhooks,Broad,Official,Action,Ready with constraints,Pilot with guardrails,"Agency or location account, marketplace review, and high-impact workflow actions.",High,https://marketplace.gohighlevel.com/docs/ghl/oauth/oauth-2-0-v-3/; https://marketplace.gohighlevel.com/docs/other/mcp/index.html,2026-08-18
35,Mailchimp,"Marketing, Ads, Email and Social","Email marketing platform for audiences, campaigns, automations, templates, reports, and ecommerce events.",Mixed,API key; OAuth2,Self-serve,API keys and OAuth apps are available from a Mailchimp account.,REST; Webhooks,Broad,Official,Limited action,Ready,Easy win,"Vendor MCP coverage is mainly Mailchimp Transactional, not the full Marketing API; enforce consent and sending safeguards.",High,https://mailchimp.com/developer/marketing/docs/fundamentals/; https://mailchimp.com/developer/transactional/docs/mcp/,2026-08-18
36,Klaviyo,"Marketing, Ads, Email and Social","Marketing automation and customer-data platform for profiles, events, lists, segments, campaigns, and metrics.",Mixed,Private API key; OAuth2,Self-serve,Private keys are self-serve; public OAuth apps require review and security checks.,REST; Webhooks,Broad,Official,Action,Ready,Easy win,"Consent-safe messaging, profile-data sensitivity, OAuth review, and rate limits.",High,https://developers.klaviyo.com/en/docs/authenticate_; https://developers.klaviyo.com/en/docs/mcp_server,2026-08-18
37,systeme.io,"Marketing, Ads, Email and Social","Funnel, email, course, affiliate, and sales automation platform.",API key,API key,Self-serve,Users can generate public API credentials from their account.,REST,Moderate,Official,Action,Ready,Easy win,"Narrower surface, email consent, and workflow side effects.",High,https://help.systeme.io/article/2323-how-to-use-systeme-io-public-api; https://help.systeme.io/article/9489-how-to-use-systeme-ios-mcp,2026-08-18
38,Pinterest,"Marketing, Ads, Email and Social","Visual discovery and advertising platform for pins, boards, catalogs, analytics, and ads.",OAuth2,OAuth2 authorization code; client credentials for limited endpoints,Review/approval,"Apps need Trial access approval, then Standard access for production breadth and rate limits.",REST,Broad,None,None,Ready with constraints,Pilot with guardrails,"Trial and Standard review, business account, policy compliance, and no native MCP verified.",High,https://developers.pinterest.com/docs/getting-started/set-up-authentication-and-authorization/; https://developers.pinterest.com/docs/key-concepts/access-tiers/,2026-08-18
39,Threads (Meta),"Marketing, Ads, Email and Social","Social publishing API for Threads profiles, posts, replies, mentions, and insights.",OAuth2,Meta access token,Review/approval,Developers can test with app roles; public use follows Meta review and permission rules.,Graph API,Moderate,None,None,Ready with constraints,Pilot with guardrails,"Meta review, permissions, narrower surface, and no Threads-specific action MCP verified.",High,https://developers.facebook.com/docs/threads/get-started; https://developers.facebook.com/docs/development/create-an-app/threads-use-case,2026-08-18
40,SendGrid,"Marketing, Ads, Email and Social","Transactional and marketing email platform for sending, templates, contacts, events, suppressions, and analytics.",API key,Bearer API key,Self-serve,Accounts and scoped API keys are self-serve; production sending depends on sender verification.,REST; Webhooks,Broad,Official,Docs-only,Ready,Easy win,"Official Twilio MCP and skills expose SendGrid developer context, while execution still needs explicit API tools and reputation controls.",High,https://www.twilio.com/docs/sendgrid/api-reference/how-to-use-the-sendgrid-v3-api/authentication; https://www.twilio.com/docs/usage/mcp-server,2026-08-18
41,Shopify,Ecommerce,"Commerce platform for products, orders, customers, inventory, fulfillment, discounts, storefronts, and checkout.",Mixed,OAuth2; custom app token,Self-serve,Partner accounts and development stores are self-serve; public distribution uses app review.,GraphQL Admin; Storefront GraphQL; REST legacy; Webhooks,Broad,Official,Storefront,Ready,Easy win,"Admin writes still need GraphQL tools and app scopes; storefront MCP focuses shopping, cart, checkout, and customer tasks.",High,https://shopify.dev/docs/apps/build/authentication-authorization; https://shopify.dev/docs/apps/build/storefront-mcp,2026-08-18
42,WooCommerce,Ecommerce,"Open-source WordPress commerce platform for products, orders, customers, coupons, shipping, and reports.",Mixed,Consumer key and secret; Basic; OAuth1 over HTTP,Open-source/local,Any store owner can install WooCommerce and generate REST credentials.,REST; Webhooks,Broad,Official,Action,Ready,Easy win,"WordPress plugin/version variance, self-hosting security, refunds, and destructive store actions.",High,https://woocommerce.github.io/woocommerce-rest-api-docs/; https://developer.woocommerce.com/docs/features/mcp/,2026-08-18
43,BigCommerce,Ecommerce,"Commerce platform for catalog, orders, customers, inventory, channels, storefronts, carts, and checkout.",Mixed,OAuth2; store access token,Self-serve,Sandbox stores and app credentials are available through the developer portal and trial path.,REST; GraphQL; Webhooks,Broad,Official,Storefront,Ready,Easy win,Storefront MCP is shopper-focused; admin operations still need scoped API tools and app review.,High,https://developer.bigcommerce.com/docs/start/authentication; https://www.bigcommerce.com/blog/storefront-mcp/,2026-08-18
44,Salesforce Commerce Cloud,Ecommerce,"Enterprise commerce platform for products, pricing, inventory, orders, promotions, shoppers, and admin operations.",OAuth2,OAuth2 client credentials; shopper token,Admin/paid,"Requires a contracted Commerce Cloud tenant, API client setup, and administrator-selected roles.",REST; SCAPI; OCAPI,Broad,Official,Platform bridge,Ready with constraints,Pilot with guardrails,"Enterprise tenant, role configuration, API-family complexity, and Salesforce-hosted MCP setup.",Medium,https://developer.salesforce.com/docs/commerce/commerce-api/guide/authorization.html; https://developer.salesforce.com/docs/platform/mcp/overview,2026-08-18
45,Magento (Adobe Commerce),Ecommerce,"Open-source and enterprise commerce platform for catalog, customers, carts, orders, inventory, and extensions.",Mixed,Integration token; OAuth1; OAuth2 server-to-server for SaaS,Open-source/local,Magento Open Source is self-hosted; Adobe Commerce cloud features require a paid organization.,REST; GraphQL; Webhooks; Events,Broad,Official,Developer,Ready,Easy win,"Deployment variation, extension complexity, version drift, and developer-focused rather than universal admin MCP tools.",High,https://developer.adobe.com/commerce/webapi/get-started/authentication/gs-authentication-token/; https://developer.adobe.com/commerce/extensibility/developer-agent/coding-tools,2026-08-18
46,Squarespace,Ecommerce,"Website and commerce platform for products, orders, inventory, transactions, webhooks, and site extensions.",Mixed,OAuth2; API key,Admin/paid,"Developers can create apps, but live commerce testing requires a Squarespace site and appropriate plan.",REST; Webhooks,Moderate,None,None,Ready with constraints,Pilot with guardrails,"Paid site, narrower commerce surface, OAuth app setup, and no vendor-native MCP verified.",High,https://developers.squarespace.com/commerce-apis/authentication-and-permissions; https://developers.squarespace.com/,2026-08-18
47,Ecwid,Ecommerce,"Commerce platform for products, orders, customers, inventory, carts, storefront, and app integrations.",Mixed,OAuth2; store access token,Self-serve,Developer apps and test stores are available directly.,REST; Webhooks,Broad,Community,Action,Ready,Easy win,"No vendor-native MCP verified; third-party hosted MCP wrappers exist, so provenance and permissions must be reviewed.",Medium,https://docs.ecwid.com/get-started/authentication; https://viasocket.com/mcp/ecwid-by-lightspeed,2026-08-18
48,Gumroad,Ecommerce,"Creator-commerce platform for products, sales, subscribers, licenses, payouts, and resource subscriptions.",Mixed,OAuth2; access token,Self-serve,Creators can create an OAuth app or access token from their account.,REST; Webhooks,Moderate,Community,Action,Ready,Easy win,"No official MCP, aging API areas, creator-finance data, and third-party server maintenance.",Medium,https://gumroad.com/api; https://github.com/rmarescu/gumroad-mcp,2026-08-18
49,Amazon Selling Partner,Ecommerce,"Marketplace API suite for catalog, listings, orders, inventory, fulfillment, reports, finances, and sellers.",Mixed,Login with Amazon OAuth2; restricted data token,Review/approval,"Sandbox onboarding is available, but production developer registration, roles, seller authorization, and security review are substantial.",REST; GraphQL for Data Kiosk; Notifications,Broad,None,None,Ready with constraints,Pilot with guardrails,"Registration review, restricted-data roles, security controls, seller authorization, and no native MCP verified.",High,https://developer-docs.amazon.com/sp-api/docs/authorizing-selling-partner-api-applications; https://developer-docs.amazon.com/sp-api/docs,2026-08-18
50,fanbasis,Ecommerce,"Creator monetization and commerce platform for offers, payments, communities, and customer operations.",Other,Provisioned credentials,Partner/sales,The developer documentation is password-gated and no public self-serve credential path was verified.,Unknown,Unknown,None,None,Blocked,Outreach first,"Password-gated docs, unclear auth and surface, and no public sandbox.",Low,https://dev-docs.fanbasis.com/; https://fanbasis.com/,2026-08-18
51,DataForSEO,"Data, SEO and Scraping","SEO data APIs for SERPs, keywords, backlinks, domains, business data, app data, and content analysis.",Basic,Basic with login and password,Self-serve,Registration and pay-as-you-go API access are self-serve.,REST; Webhooks,Broad,None,None,Ready,Easy win,"Usage cost, asynchronous jobs, result size, and no native MCP verified.",High,https://docs.dataforseo.com/v3/auth/; https://docs.dataforseo.com/v3/,2026-08-18
52,SE Ranking,"Data, SEO and Scraping","SEO platform API for rankings, competitors, audits, backlinks, keywords, and projects.",Token,API token,Admin/paid,API availability is tied to eligible paid plans and account-issued tokens.,REST,Broad,Official,Action,Ready with constraints,Pilot with guardrails,"Paid entitlement, rate limits, job latency, and SEO data cost.",High,https://seranking.com/api/how-to-get-api/; https://seranking.com/api/integrations/mcp/,2026-08-18
53,Ahrefs,"Data, SEO and Scraping","SEO and web-intelligence APIs for backlinks, domains, keywords, rankings, and site metrics.",API key,Bearer API key,Admin/paid,Meaningful API access requires a qualifying paid subscription or API plan.,REST,Broad,Official,Action,Ready with constraints,Pilot with guardrails,"Paid entitlement, row-unit cost, quotas, and data licensing.",High,https://docs.ahrefs.com/docs/api/reference/introduction; https://docs.ahrefs.com/en/mcp/overview,2026-08-18
54,MrScraper,"Data, SEO and Scraping","Web scraping API for pages, structured extraction, browser rendering, and asynchronous jobs.",Token,Bearer token,Self-serve,"Accounts, trial credits, and tokens are self-serve.",REST; Webhooks,Moderate,None,None,Ready,Easy win,"Robots and site terms, dynamic-page reliability, cost, and no native MCP verified.",High,https://docs.mrscraper.com/api-reference/authentication; https://docs.mrscraper.com/,2026-08-18
55,Apify,"Data, SEO and Scraping","Cloud platform for web-scraping actors, datasets, crawlers, storage, schedules, and automation.",Mixed,API token; OAuth2,Self-serve,"Free accounts, public actors, tokens, and usage credits are self-serve.",REST; Webhooks,Broad,Official,Action,Ready,Easy win,"Untrusted actors, scraping legality, spend, long-running jobs, and large datasets.",High,https://docs.apify.com/api/v2; https://docs.apify.com/platform/integrations/mcp,2026-08-18
56,Firecrawl,"Data, SEO and Scraping","Web crawling and extraction API for scrape, crawl, map, search, structured data, and browser tasks.",API key,Bearer API key,Self-serve,Cloud trial credits and open-source self-hosting are available.,REST; Webhooks,Broad,Official,Action,Ready,Easy win,"Target-site policy, spend, prompt injection in pages, and asynchronous crawling.",High,https://docs.firecrawl.dev/api-reference/introduction; https://docs.firecrawl.dev/mcp-server,2026-08-18
57,Bright Data,"Data, SEO and Scraping","Web data platform for proxies, scraping browser, datasets, SERP, unlocker, and crawlers.",Token,API token,Admin/paid,"Trials exist, but production requires paid zones, compliance checks, and configured products.",REST; WebSocket,Broad,Official,Action,Ready with constraints,Pilot with guardrails,"Compliance, proxy spend, target-site policy, sensitive datasets, and administrator controls.",High,https://docs.brightdata.com/api-reference/authentication; https://docs.brightdata.com/ai/mcp-server/remote/quickstart,2026-08-18
58,Sherlock,"Data, SEO and Scraping",Open-source CLI that checks usernames across many social networks.,None,No auth for local use,Open-source/local,Source and package are public and run locally.,CLI,Local,Local skill,Local action,Ready,Easy win,"False positives, site changes, rate limits, privacy, and misuse prevention.",High,https://github.com/sherlock-project/sherlock,2026-08-18
59,Waterfall.io,"Data, SEO and Scraping","Contact and company intelligence platform for enrichment, identity resolution, and multi-provider data waterfalls.",API key,API key,Admin/paid,API access requires a paid workspace or sales-assisted plan.,REST,Moderate,None,None,Ready with constraints,Pilot with guardrails,"Paid credits, personal-data handling, provider provenance, and no native MCP verified.",Medium,https://waterfall.io/; https://docs.waterfall.io/,2026-08-18
60,Clay,"Data, SEO and Scraping","GTM data and workflow platform for enrichment, research, tables, signals, sequencing, and provider orchestration.",Mixed,OAuth2; API key,Admin/paid,Workspace and API access depend on plan and administrator settings; new accounts receive limited credits.,REST; Webhooks; CLI,Broad,Official,Action,Ready with constraints,Pilot with guardrails,"Credit burn, provider terms, admin controls, personal data, and workflow side effects.",High,https://developers.clay.com/; https://www.clay.com/mcp,2026-08-18
61,GitHub,"Developer, Infra and Data platforms","Code-hosting platform for repositories, issues, pull requests, actions, releases, projects, and security.",Mixed,OAuth2; PAT; GitHub App token,Self-serve,"Accounts, apps, test repositories, and scoped tokens are self-serve.",REST; GraphQL; Webhooks,Broad,Official,Action,Ready,Easy win,"Repository permissions, destructive actions, branch protection, secrets, and prompt-injection risk.",High,https://docs.github.com/en/authentication; https://github.com/github/github-mcp-server,2026-08-18
62,Vercel,"Developer, Infra and Data platforms","Cloud platform for projects, deployments, domains, environment variables, logs, analytics, and teams.",Mixed,OAuth2; access token,Self-serve,"Free accounts, teams, projects, and personal tokens are self-serve.",REST; Webhooks,Broad,Official,Action,Ready,Easy win,"Deployment, domain, environment-secret, and production mutation safeguards.",High,https://vercel.com/docs/rest-api; https://vercel.com/docs/agent-resources/vercel-mcp,2026-08-18
63,Netlify,"Developer, Infra and Data platforms","Cloud platform for sites, deploys, functions, forms, domains, environment variables, and teams.",Mixed,OAuth2; personal access token,Self-serve,Free accounts and personal tokens are self-serve.,REST; Webhooks,Broad,Official,Action,Ready,Easy win,"Production deploys, secrets, domains, and team permissions.",High,https://docs.netlify.com/api/get-started/; https://docs.netlify.com/welcome/build-with-ai/netlify-mcp-server/,2026-08-18
64,Cloudflare,"Developer, Infra and Data platforms","Internet platform for DNS, zones, Workers, storage, security, analytics, tunnels, and accounts.",API key,API token; legacy global key,Self-serve,Free accounts and scoped API tokens are self-serve.,REST; GraphQL Analytics,Broad,Official,Action,Ready,Easy win,"Massive surface, DNS and security blast radius, account scopes, and write confirmation.",High,https://developers.cloudflare.com/fundamentals/api/get-started/create-token/; https://developers.cloudflare.com/agents/model-context-protocol/mcp-servers-for-cloudflare/,2026-08-18
65,Supabase,"Developer, Infra and Data platforms","Backend platform for Postgres, auth, storage, edge functions, realtime, projects, and management.",Mixed,Project API key; personal access token; database credentials,Self-serve,Free projects and credentials are self-serve.,REST; GraphQL; Postgres; Realtime,Broad,Official,Action,Ready,Easy win,"Database writes, service-role keys, production-project targeting, and schema migration risk.",High,https://supabase.com/docs/guides/api; https://supabase.com/docs/guides/getting-started/mcp,2026-08-18
66,Neo4j,"Developer, Infra and Data platforms","Graph database platform for Cypher queries, graph data, schemas, instances, and analytics.",Mixed,Basic; Bearer token,Self-serve,Aura free instances and local Community Edition are self-serve.,Query API; Bolt; REST management,Broad,Official,Action,Ready,Easy win,"Arbitrary Cypher, data mutation, query cost, and credential scoping.",High,https://neo4j.com/docs/query-api/current/authentication/; https://neo4j.com/docs/mcp/current/,2026-08-18
67,Snowflake,"Developer, Infra and Data platforms","Cloud data platform for warehouses, databases, SQL, data sharing, apps, governance, and AI services.",Mixed,OAuth2; key-pair JWT; programmatic access token,Admin/paid,"Trials exist, but useful access requires an account, roles, warehouses, and administrator policies.",SQL; REST; Snowpark,Broad,Official,Action,Ready with constraints,Pilot with guardrails,"Role design, warehouse cost, sensitive data, arbitrary SQL, and administrator setup.",High,https://docs.snowflake.com/en/developer-guide/snowflake-rest-api/authentication; https://docs.snowflake.com/en/user-guide/snowflake-cortex/cortex-agents-mcp,2026-08-18
68,MongoDB Atlas,"Developer, Infra and Data platforms","Managed database platform for clusters, projects, users, backups, alerts, search, and data operations.",Mixed,Service-account OAuth2; public/private API key; database user,Self-serve,Free Atlas projects and credentials are self-serve.,REST; Data API; MongoDB protocol,Broad,Official,Action,Ready,Easy win,"Database mutation, project admin actions, network access lists, and production targeting.",High,https://www.mongodb.com/docs/atlas/api/; https://www.mongodb.com/docs/mcp-server/,2026-08-18
69,Datadog,"Developer, Infra and Data platforms","Observability platform for metrics, logs, traces, monitors, incidents, dashboards, SLOs, and security.",Mixed,API key and app key; OAuth2,Admin/paid,Trials exist; API and app keys are created inside an organization with role permissions.,REST; Webhooks,Broad,Official,Action,Ready with constraints,Pilot with guardrails,"Sensitive telemetry, monitor mutations, incident actions, and organization-level permissions.",High,https://docs.datadoghq.com/api/latest/authentication/; https://docs.datadoghq.com/mcp_server/,2026-08-18
70,Sentry,"Developer, Infra and Data platforms","Error and performance platform for issues, events, releases, projects, alerts, traces, and organizations.",Mixed,OAuth2; auth token,Self-serve,"Free organizations, developer apps, and scoped tokens are self-serve.",REST; Webhooks,Broad,Official,Action,Ready,Easy win,"Issue mutations, release actions, sensitive stack data, and organization permissions.",High,https://docs.sentry.io/api/auth/; https://docs.sentry.io/ai/mcp/,2026-08-18
71,Notion,Productivity and Project Management,"Workspace platform for pages, databases, data sources, blocks, users, comments, and search.",Mixed,OAuth2; internal integration token,Self-serve,Free workspaces and internal integrations are self-serve; public apps use OAuth review.,REST; Webhooks,Broad,Official,Action,Ready,Easy win,"Page sharing, user permissions, destructive edits, and rich block structure.",High,https://developers.notion.com/guides/get-started/authorization; https://developers.notion.com/guides/mcp/overview,2026-08-18
72,Airtable,Productivity and Project Management,"Low-code data platform for bases, tables, records, fields, comments, webhooks, and automations.",Mixed,OAuth2; personal access token,Self-serve,"Free bases, PATs, and OAuth apps are self-serve.",REST; Webhooks,Broad,Official,Action,Ready,Easy win,"Schema variability, record writes, base permissions, and rate limits.",High,https://airtable.com/developers/web/api/authentication; https://support.airtable.com/docs/using-the-airtable-mcp-server,2026-08-18
73,Linear,Productivity and Project Management,"Issue and product-development platform for teams, projects, cycles, issues, comments, documents, and roadmaps.",Mixed,OAuth2; API key,Self-serve,"Free workspaces, personal keys, and OAuth apps are self-serve.",GraphQL; Webhooks,Broad,Official,Action,Ready,Easy win,"Workspace permissions, issue mutation, notification noise, and automation loops.",High,https://developers.linear.app/docs/graphql/working-with-the-graphql-api; https://linear.app/docs/mcp,2026-08-18
74,Jira,Productivity and Project Management,"Issue and project platform for work items, projects, comments, users, boards, sprints, and workflows.",Mixed,OAuth2; API token; Forge auth,Self-serve,"Free Jira sites, developer apps, and OAuth are self-serve; enterprise admins can restrict apps.",REST; Webhooks,Broad,Official,Action,Ready,Easy win,"Complex permissions, workflow transitions, enterprise app policy, and bulk edits.",High,https://developer.atlassian.com/cloud/jira/platform/oauth-2-3lo-apps/; https://developer.atlassian.com/platform/remote-mcp-server/,2026-08-18
75,Asana,Productivity and Project Management,"Work-management platform for tasks, projects, portfolios, goals, teams, users, and attachments.",Mixed,OAuth2; personal access token,Self-serve,"Developer apps, PATs, and free workspaces are self-serve.",REST; Webhooks,Broad,Official,Action,Ready,Easy win,"Task mutation, team permissions, notification noise, and rate limits.",High,https://developers.asana.com/docs/authentication; https://developers.asana.com/docs/using-asanas-mcp-server,2026-08-18
76,Monday.com,Productivity and Project Management,"Work operating system for boards, items, columns, updates, users, workspaces, and automations.",Mixed,OAuth2; API token,Self-serve,Developer apps and trial accounts provide a self-serve path.,GraphQL; Webhooks,Broad,Official,Action,Ready,Easy win,"Highly dynamic schemas, complexity quotas, board permissions, and write confirmation.",High,https://developer.monday.com/api-reference/docs/authentication; https://developer.monday.com/api-reference/docs/integrate-with-monday-mcp,2026-08-18
77,ClickUp,Productivity and Project Management,"Productivity platform for workspaces, spaces, folders, lists, tasks, comments, docs, goals, and time.",Mixed,OAuth2; personal token,Self-serve,"Free workspaces, personal tokens, and OAuth apps are self-serve.",REST; Webhooks,Broad,Official,Action,Ready,Easy win,"Hierarchy complexity, permissions, task mutation, and rate limits.",High,https://developer.clickup.com/docs/authentication; https://developer.clickup.com/docs/connect-an-ai-assistant-to-clickups-mcp-server,2026-08-18
78,Coda,Productivity and Project Management,"Collaborative document platform for docs, pages, tables, rows, formulas, controls, and automations.",Mixed,OAuth2; API token,Self-serve,"Free docs, API tokens, and OAuth apps are self-serve.",REST; Webhooks,Broad,Official,Action,Ready,Easy win,"Document sharing, formula side effects, row mutations, and sync-table semantics.",High,https://coda.io/developers/apis/v1; https://coda.io/resources/guides/getting_started_with_coda_mcp,2026-08-18
79,Smartsheet,Productivity and Project Management,"Enterprise work-management platform for sheets, rows, reports, dashboards, attachments, and automation.",Mixed,OAuth2; access token,Admin/paid,API access requires a Smartsheet account; enterprise administrators may restrict integrations.,REST; Webhooks,Broad,None,None,Ready with constraints,Pilot with guardrails,"Paid tenant, admin policy, spreadsheet-like schema variability, and no native MCP verified.",High,https://developers.smartsheet.com/api/smartsheet/guides/advanced-topics/oauth; https://developers.smartsheet.com/api/smartsheet/openapi,2026-08-18
80,Harvest,Productivity and Project Management,"Time tracking and invoicing platform for time entries, projects, clients, users, expenses, and invoices.",Mixed,OAuth2; personal access token,Self-serve,"Trials, personal tokens, and OAuth apps are self-serve.",REST,Broad,None,None,Ready,Easy win,No native MCP verified; enforce time-entry and invoice write confirmation.,High,https://help.getharvest.com/api-v2/authentication-api/authentication/authentication/; https://help.getharvest.com/api-v2/,2026-08-18
81,Stripe,Finance and Fintech,"Payments platform for customers, payments, subscriptions, invoices, products, disputes, and connected accounts.",Mixed,Secret API key; restricted key; OAuth2,Self-serve,"Test mode, accounts, keys, and Connect apps are self-serve.",REST; Webhooks,Broad,Official,Action,Ready,Easy win,"Money movement, refunds, disputes, PCI boundaries, test-versus-live mode, and idempotency.",High,https://docs.stripe.com/keys; https://docs.stripe.com/mcp,2026-08-18
82,Plaid,Finance and Fintech,"Financial-data platform for bank linking, accounts, transactions, identity, assets, risk, and payments.",Mixed,Client ID and secret; OAuth2 for Dashboard MCP,Review/approval,"Sandbox is self-serve, but live data and products require Production approval and compliance review.",REST; Webhooks,Broad,Official,Limited action,Ready with constraints,Pilot with guardrails,"Production approval, financial data, product eligibility, and MCP scope focused on diagnostics and sandbox tooling.",High,https://plaid.com/docs/quickstart/; https://plaid.com/docs/resources/mcp/,2026-08-18
83,Binance,Finance and Fintech,"Crypto exchange APIs for market data, account data, orders, wallets, transfers, and trading.",Mixed,API key; HMAC or asymmetric signature,Admin/paid,Accounts and API keys are self-serve where the service is legally available; trading and withdrawals require KYC and controls.,REST; WebSocket,Broad,Official,Action,Ready with constraints,Pilot with guardrails,"Jurisdiction, KYC, trading loss, withdrawal risk, rate limits, and key restrictions.",High,https://developers.binance.com/docs/binance-spot-api-docs/rest-api/request-security; https://developers.binance.com/docs/agent,2026-08-18
84,Paygent Connect,Finance and Fintech,NMI-powered payment connectivity for merchant processing and payment workflows.,Other,Provisioned gateway credentials,Partner/sales,No clear public developer credential path or sandbox specific to Paygent Connect was verified.,Unknown,Unknown,None,None,Blocked,Outreach first,"Ambiguous product identity, NMI dependency, partner provisioning, and sparse public docs.",Low,https://www.nmi.com/developers/; https://paygent.com/,2026-08-18
85,iPayX,Finance and Fintech,AI-oriented payments and financial operations platform with documented API and MCP access.,Mixed,API key; OAuth2,Admin/paid,Credentials and production use appear tied to an approved customer workspace or paid account.,REST; MCP tools,Moderate,Official,Action,Ready with constraints,Pilot with guardrails,"Young documentation footprint, financial controls, customer eligibility, and money movement.",Medium,https://www.ipayx.ai/docs; https://www.ipayx.ai/docs/mcp-server,2026-08-18
86,QuickBooks,Finance and Fintech,"Accounting platform for companies, customers, invoices, bills, payments, reports, and bookkeeping data.",OAuth2,OAuth2,Review/approval,Developer accounts and sandbox companies are self-serve; production applications may require Intuit review.,REST; Webhooks,Broad,None,None,Ready with constraints,Pilot with guardrails,"Production review, accounting correctness, tenant authorization, sensitive data, and no native MCP verified.",High,https://developer.intuit.com/app/developer/qbo/docs/develop/authentication-and-authorization/oauth-2.0; https://developer.intuit.com/app/developer/qbo/docs/api/accounting/all-entities/account,2026-08-18
87,Xero,Finance and Fintech,"Cloud accounting platform for organizations, invoices, contacts, bank transactions, payroll, projects, and reports.",OAuth2,OAuth2; custom connections client credentials,Review/approval,"Apps and trials are self-serve; public production use follows consent, certification, and partner rules.",REST; Webhooks,Broad,Official,Action,Ready with constraints,Pilot with guardrails,"Accounting sensitivity, tenant consent, certification, and region-specific payroll.",High,https://developer.xero.com/documentation/guides/oauth2/overview/; https://developer.xero.com/documentation/xero-mcp/overview/,2026-08-18
88,Brex,Finance and Fintech,"Business finance platform for cards, expenses, reimbursements, travel, budgets, users, and payments.",Mixed,OAuth2; user token; client credentials,Admin/paid,"API access is tied to a Brex customer account, administrator authorization, or approved partner integration.",REST; Webhooks; OpenAPI,Broad,Official,Action,Ready with constraints,Pilot with guardrails,"Customer eligibility, admin approval, finance controls, and high-risk card or payment actions.",High,https://developer.brex.com/guides/authentication; https://developer.brex.com/changelog,2026-08-18
89,Ramp,Finance and Fintech,"Corporate finance platform for cards, expenses, reimbursements, bills, travel, users, and accounting.",OAuth2,Client credentials; authorization code,Admin/paid,"Developers need a Ramp customer or partner account, and administrators authorize apps and scopes.",REST; Webhooks,Broad,Official,Action,Ready with constraints,Pilot with guardrails,"Customer account, admin approval, sensitive financial data, and money-moving operations.",High,https://docs.ramp.com/developer-api/v1/authorization; https://docs.ramp.com/developer-api/v1/mcp,2026-08-18
90,PitchBook,Finance and Fintech,"Private-market research platform for companies, deals, investors, funds, people, and market intelligence.",Other,Enterprise-issued credentials,Partner/sales,API and direct-data access are enterprise products sold through PitchBook.,REST; Data feeds,Broad,None,None,Blocked,Outreach first,"Enterprise contract, licensing, redistribution limits, and no self-serve sandbox.",High,https://pitchbook.com/products/direct-data; https://pitchbook.com/data,2026-08-18
91,NotebookLM,"AI, Research and Media-native","AI research workspace grounded in uploaded sources, notebooks, audio, and enterprise knowledge.",OAuth2,Google OAuth2; Application Default Credentials; service account,Admin/paid,"The programmable NotebookLM Enterprise API is part of Gemini Enterprise and needs a Cloud project, billing, and admin configuration.",REST; gRPC,Moderate,None,None,Ready with constraints,Pilot with guardrails,"Enterprise access, v1alpha stability, admin setup, source governance, and no standalone MCP verified.",High,https://cloud.google.com/gemini/enterprise/docs/reference/rpc/google.cloud.notebooklm.v1alpha; https://cloud.google.com/gemini/enterprise/docs/authentication,2026-08-18
92,Otter AI,"AI, Research and Media-native","Meeting transcription platform for recordings, transcripts, summaries, action items, and chat.",OAuth2,OAuth2 through MCP connection,Partner/sales,Otter states it has no general public REST API; official MCP and custom app setup depend on plan and support.,MCP tools,Moderate,Official,Action,Ready with constraints,Pilot with guardrails,"No public REST API, plan eligibility, support-gated setup, and sensitive meeting data.",High,https://help.otter.ai/hc/en-us/articles/35287607569687-Otter-MCP-Server,2026-08-18
93,Fathom,"AI, Research and Media-native","AI meeting assistant for recordings, transcripts, summaries, action items, CRM sync, and team insights.",Mixed,API key; OAuth2,Self-serve,"Users can generate an API key in settings; OAuth registration is available for multi-user integrations, and the official MCP uses OAuth.",REST; Webhooks,Broad,Official,Action,Ready,Easy win,"Meeting privacy, participant consent, workspace permissions, and transcript retention.",High,https://developers.fathom.ai/; https://developers.fathom.ai/mcp-docs,2026-08-18
94,Consensus,"AI, Research and Media-native","AI academic-search product for finding, synthesizing, and citing peer-reviewed research.",Mixed,OAuth2 through MCP; issued API access,Self-serve,"The official MCP is directly connectable. It works without an account at low limits, with higher limits after free OAuth sign-in; separate API access is request-based.",REST; MCP tools,Moderate,Official,Action,Ready,Easy win,"Low free-tier quotas, citation fidelity, query pacing, and product-specific corpus coverage.",High,https://consensus.app/home/api; https://consensus.app/home/mcp,2026-08-18
95,Reducto,"AI, Research and Media-native","Document ingestion and parsing platform for OCR, layout, tables, extraction, splitting, and structured output.",Mixed,API key; OAuth device flow for MCP,Self-serve,"Developers can sign up, obtain trial credits, and use the API directly.",REST; Webhooks,Broad,Official,Action,Ready,Easy win,"Document privacy, large files, asynchronous jobs, extraction uncertainty, and credit controls.",High,https://docs.reducto.ai/; https://docs.reducto.ai/mcp/overview,2026-08-18
96,Devin,"AI, Research and Media-native","Autonomous software-engineering agent platform for coding sessions, repositories, tasks, knowledge, and automation.",API key,Service-user API key,Admin/paid,API and MCP require a Devin organization and administrator-issued service-user credentials.,REST; Webhooks,Moderate,Official,Action,Ready with constraints,Pilot with guardrails,"Paid organization, repository permissions, cost, and autonomous code-change risk.",High,https://docs.devin.ai/api-reference/overview; https://docs.devin.ai/integrations/mcp,2026-08-18
97,Higgsfield,"AI, Research and Media-native","Generative media suite and CLI for creating, editing, and orchestrating video, images, and content workflows.",Mixed,OAuth2; CLI token,Self-serve,Users can create an account and install the CLI or MCP integration; generation depends on credits.,CLI; MCP tools,Moderate,Official,Action,Ready,Easy win,"Credit spend, asynchronous generation, media-safety policy, and large artifacts.",Medium,https://higgsfield.ai/cli; https://higgsfield.ai/mcp,2026-08-18
98,Mermaid CLI,"AI, Research and Media-native","Open-source command-line renderer that converts Mermaid diagrams into SVG, PNG, or PDF.",None,No auth for local use,Open-source/local,The package and source are public and run locally.,CLI,Local,Local skill,Local action,Ready,Easy win,"Untrusted diagram input, Chromium sandboxing, file paths, and resource limits.",High,https://github.com/mermaid-js/mermaid-cli,2026-08-18
99,YouTube Transcript,"AI, Research and Media-native","Third-party API for YouTube transcripts, channel data, search results, and transcript workflows.",Token,Bearer API key,Self-serve,Developers can sign up for trial credits and an API key.,REST,Moderate,Official,Action,Ready,Easy win,"Third-party dependency, unavailable captions, YouTube policy, rate limits, and content rights.",High,https://transcriptapi.com/docs; https://transcriptapi.com/docs/mcp/,2026-08-18
100,Grain,"AI, Research and Media-native","AI meeting-notes platform for recordings, transcripts, summaries, clips, stories, and CRM workflows.",Mixed,OAuth2; API token,Self-serve,"The official MCP works across Free, Starter, Business, and Enterprise plans; deal and coaching tools require higher plans.",REST; Webhooks,Broad,Official,Action,Ready,Easy win,"Workspace authorization, meeting privacy, participant consent, and premium-only deal or coaching tools.",High,https://developers.grain.com/; https://developers.grain.com/mcp,2026-08-18
